{
  "10": {
    "n": 10,
    "no_max": 8.83299799170345e-06,
    "bh_max": 0.00027674999728333205
  },
  "40": {
    "n": 40,
    "no_max": 5.083299765828997e-05,
    "bh_max": 0.012019000001600944
  },
  "100": {
    "n": 100,
    "no_max": 5.208399670664221e-05,
    "bh_max": 0.10736316700058524
  }
}