{
  "10": {
    "theta_no_max": 8.25000461190939e-06,
    "theta_no_avg": 4.729203647002578e-06,
    "theta_bh_max": 0.0002113330119755119,
    "theta_bh_avg": 0.0001966626034118235,
    "t_marche_no_max": 4.791698302142322e-05,
    "t_marche_no_avg": 3.595839662011713e-05,
    "t_marche_bh_max": 3.570900298655033e-05,
    "t_marche_bh_avg": 3.213340241927654e-05,
    "total_no_max": 5.616698763333261e-05,
    "total_bh_max": 0.00024704201496206224
  },
  "20": {
    "theta_no_max": 1.2165983207523823e-05,
    "theta_no_avg": 8.549998165108264e-06,
    "theta_bh_max": 0.0009970410028472543,
    "theta_bh_avg": 0.0009445374045753852,
    "t_marche_no_max": 0.0001297089911531657,
    "t_marche_no_avg": 0.00011901269899681211,
    "t_marche_bh_max": 0.00014454202027991414,
    "t_marche_bh_avg": 0.0001092375023290515,
    "total_no_max": 0.00014187497436068952,
    "total_bh_max": 0.0011415830231271684
  }
}