{
  "10": {
    "theta_no_max": 1.4399993233382702e-05,
    "theta_bh_max": 0.0003381000133231282,
    "t_marche_no_max": 0.0027486999751999974,
    "t_marche_bh_max": 0.0010454999865032732
  },
  "20": {
    "theta_no_max": 0.00013280002167448401,
    "theta_bh_max": 0.0019327999907545745,
    "t_marche_no_max": 0.027214599947910756,
    "t_marche_bh_max": 0.007139499997720122
  },
  "30": {
    "theta_no_max": 2.8600043151527643e-05,
    "theta_bh_max": 0.006974700023420155,
    "t_marche_no_max": 0.09128140000393614,
    "t_marche_bh_max": 0.03457150002941489
  },
  "40": {
    "theta_no_max": 4.7600013203918934e-05,
    "theta_bh_max": 0.01646060001803562,
    "t_marche_no_max": 0.3240978000103496,
    "t_marche_bh_max": 0.10440180002478883
  }
}