{
  "10": {
    "n": 10,
    "iterations": 100,
    "no_max": 0.00019920800696127117,
    "no_moy": 9.634560119593517e-06,
    "bh_max": 0.0006862500013085082,
    "bh_moy": 0.00020063624033355153,
    "marche_no_max": 0.0034539580083219334,
    "marche_no_moy": 0.0013317312304570806,
    "marche_bh_max": 0.0013737500121351331,
    "marche_bh_moy": 0.00033784003942855634
  },
  "40": {
    "n": 40,
    "iterations": 100,
    "no_max": 2.1041996660642326e-05,
    "no_moy": 1.5792490303283556e-05,
    "bh_max": 0.006461416996899061,
    "bh_moy": 0.005635728739725891,
    "marche_no_max": 0.1078797499940265,
    "marche_no_moy": 0.09022208718059119,
    "marche_bh_max": 0.025922375003574416,
    "marche_bh_moy": 0.01819281170028262
  }
}