{
  "10": {
    "n": 10,
    "iterations": 100,
    "no_max": 2.2624997654929757e-05,
    "no_moy": 5.337890324881301e-06,
    "bh_max": 0.0002564169990364462,
    "bh_moy": 0.000170113389758626
  },
  "40": {
    "n": 40,
    "iterations": 100,
    "no_max": 1.8417005776427686e-05,
    "no_moy": 1.547043051687069e-05,
    "bh_max": 0.005846749991178513,
    "bh_moy": 0.005647581200028071
  }
}